algorithm,nodes,edges,time_seconds
BFS,1000,10000,0.0042896660743281245
BFS,5000,20000,0.007744666072539985
BFS,10000,100000,0.04771733400411904
