algorithm,nodes,edges,time_seconds
Dijkstra,1000,10000,0.008786999969743192
Dijkstra,5000,20000,0.02204737497959286
Dijkstra,10000,100000,0.08314341702498496
